<?xml version="1.0" encoding="UTF-8"?>
<project-private xmlns="http://www.netbeans.org/ns/project-private/1">
    <editor-bookmarks xmlns="http://www.netbeans.org/ns/editor-bookmarks/2" lastBookmarkId="0"/>
    <open-files xmlns="http://www.netbeans.org/ns/projectui-open-files/2">
        <group>
            <file>file:/C:/xampp/htdocs/php_ecommerceMe/index.php</file>
            <file>file:/C:/xampp/htdocs/php_ecommerceMe/cart.php</file>
            <file>file:/C:/xampp/htdocs/php_ecommerceMe/admin/edit_product.php</file>
            <file>file:/C:/xampp/htdocs/php_ecommerceMe/admin/product.php</file>
            <file>file:/C:/xampp/htdocs/php_ecommerceMe/single_category.php</file>
            <file>file:/C:/xampp/htdocs/php_ecommerceMe/single-product.php</file>
        </group>
    </open-files>
</project-private>
